[
  {
    "_id": "6047cc3314ed11ffe7665a94",
    "category": "quality assurance",
    "name": "Barnett Freeman",
    "company": "INRT",
    "phone": "+1 (858) 576-3581",
    "address": "751 Herbert Street, Why, Alaska, 950",
    "registered": "2019-12-08T21:52:43+00:00"
  },
  {
    "_id": "6047cc3386613ee7c1eefb2f",
    "category": "developer",
    "name": "Elnora Buchanan",
    "company": "CENTREGY",
    "phone": "+1 (869) 556-3654",
    "address": "440 Mill Lane, Grill, Colorado, 4455",
    "registered": "2019-02-12T04:13:12+00:00"
  },
  {
    "_id": "6047cc33fd5dfd98a014547c",
    "category": "security",
    "name": "Velasquez Faulkner",
    "company": "GLASSTEP",
    "phone": "+1 (889) 476-3675",
    "address": "838 Fairview Place, Waiohinu, Mississippi, 5673",
    "registered": "2019-02-13T10:20:41+00:00"
  },
  {
    "_id": "6047cc33a776aa6266b8dc9c",
    "category": "security",
    "name": "Amy Collier",
    "company": "APEXIA",
    "phone": "+1 (938) 403-3595",
    "address": "217 Laurel Avenue, Blackgum, Virgin Islands, 3280",
    "registered": "2019-08-15T19:01:31+00:00"
  },
  {
    "_id": "6047cc3345eb16259ab2dca6",
    "category": "manager",
    "name": "Garcia Marks",
    "company": "DAYCORE",
    "phone": "+1 (903) 538-2246",
    "address": "442 Graham Avenue, Cresaptown, New Jersey, 7902",
    "registered": "2019-05-17T18:01:19+00:00"
  },
  {
    "_id": "6047cc33cd0868635f574fcc",
    "category": "developer",
    "name": "Stanton Phillips",
    "company": "PHOLIO",
    "phone": "+1 (977) 455-2589",
    "address": "930 Veranda Place, Cliff, Connecticut, 5702",
    "registered": "2019-06-16T13:58:32+00:00"
  },
  {
    "_id": "6047cc33713cf82405c912ff",
    "category": "developer",
    "name": "Ferrell Montoya",
    "company": "PLUTORQUE",
    "phone": "+1 (988) 596-2619",
    "address": "633 India Street, Kempton, Montana, 5594",
    "registered": "2020-12-13T13:59:02+00:00"
  },
  {
    "_id": "6047cc33189c1d425722486f",
    "category": "site reliability",
    "name": "Burton Singleton",
    "company": "VISALIA",
    "phone": "+1 (846) 538-3957",
    "address": "460 Balfour Place, Ladera, Delaware, 7291",
    "registered": "2020-07-19T03:10:37+00:00"
  },
  {
    "_id": "6047cc33abe4d4d6e84f1d67",
    "category": "site reliability",
    "name": "Myrtle Callahan",
    "company": "AMTAS",
    "phone": "+1 (889) 495-2557",
    "address": "800 Prospect Avenue, Dundee, Palau, 6875",
    "registered": "2020-08-11T18:37:19+00:00"
  },
  {
    "_id": "6047cc3318c8a0edc3a875b7",
    "category": "manager",
    "name": "Paulette Benton",
    "company": "MULTRON",
    "phone": "+1 (920) 509-3999",
    "address": "105 Ferris Street, Edinburg, Massachusetts, 1861",
    "registered": "2020-10-09T07:32:48+00:00"
  },
  {
    "_id": "6047cc3362e729e229c36d69",
    "category": "quality assurance",
    "name": "Ortega Coleman",
    "company": "NEXGENE",
    "phone": "+1 (976) 510-2058",
    "address": "698 Lloyd Court, Waterloo, Virginia, 2020",
    "registered": "2019-08-28T00:36:42+00:00"
  },
  {
    "_id": "6047cc33d3e0d2a7d277b173",
    "category": "manager",
    "name": "Petersen Brown",
    "company": "DOGNOSIS",
    "phone": "+1 (945) 480-3006",
    "address": "779 Bogart Street, Independence, Kansas, 1621",
    "registered": "2019-01-12T17:32:12+00:00"
  },
  {
    "_id": "6047cc3380df175304737749",
    "category": "developer",
    "name": "Doyle Jefferson",
    "company": "COMTREK",
    "phone": "+1 (816) 453-2013",
    "address": "397 Church Avenue, Alamo, Georgia, 7029",
    "registered": "2019-02-21T18:03:41+00:00"
  },
  {
    "_id": "6047cc3365ac55983436083f",
    "category": "security",
    "name": "Riggs Foreman",
    "company": "KOG",
    "phone": "+1 (979) 554-3713",
    "address": "564 Commerce Street, Lookingglass, New Hampshire, 7233",
    "registered": "2021-01-27T12:02:48+00:00"
  },
  {
    "_id": "6047cc33155afcf86037c856",
    "category": "site reliability",
    "name": "Tracy Wong",
    "company": "COMBOGEN",
    "phone": "+1 (923) 450-3338",
    "address": "898 Wakeman Place, Onton, Kentucky, 4292",
    "registered": "2020-03-25T19:06:28+00:00"
  },
  {
    "_id": "6047cc33dd958f82f1d0b005",
    "category": "security",
    "name": "Davis Calderon",
    "company": "KRAGGLE",
    "phone": "+1 (804) 455-3780",
    "address": "873 Elizabeth Place, Waikele, Illinois, 7603",
    "registered": "2020-10-30T05:32:04+00:00"
  },
  {
    "_id": "6047cc33b62f3c83a99435ec",
    "category": "site reliability",
    "name": "Fernandez Baker",
    "company": "FANGOLD",
    "phone": "+1 (952) 544-3371",
    "address": "935 Strong Place, Loma, Pennsylvania, 3742",
    "registered": "2020-03-06T23:37:40+00:00"
  },
  {
    "_id": "6047cc337bf4423d3dd6c586",
    "category": "developer",
    "name": "Alyson Rivera",
    "company": "BISBA",
    "phone": "+1 (982) 406-3704",
    "address": "209 Bedford Place, Datil, Iowa, 5766",
    "registered": "2020-09-20T02:53:40+00:00"
  },
  {
    "_id": "6047cc33b22ea649f2952951",
    "category": "security",
    "name": "Newman Arnold",
    "company": "PRISMATIC",
    "phone": "+1 (981) 516-2876",
    "address": "272 Rockwell Place, Woodburn, Nevada, 9989",
    "registered": "2020-02-01T11:20:37+00:00"
  },
  {
    "_id": "6047cc33abf0c359681860d0",
    "category": "manager",
    "name": "Sophia Boone",
    "company": "LIQUICOM",
    "phone": "+1 (835) 511-3746",
    "address": "749 Blake Avenue, Cetronia, Arkansas, 9903",
    "registered": "2020-07-28T22:34:57+00:00"
  },
  {
    "_id": "6047cc335d799d141addfba0",
    "category": "developer",
    "name": "Marissa Wilder",
    "company": "TURNLING",
    "phone": "+1 (954) 570-2882",
    "address": "167 Girard Street, Rehrersburg, Idaho, 582",
    "registered": "2020-01-31T09:38:31+00:00"
  },
  {
    "_id": "6047cc331982a24bbf0b2eb6",
    "category": "manager",
    "name": "Velazquez Parks",
    "company": "TELPOD",
    "phone": "+1 (841) 570-3973",
    "address": "852 Lacon Court, Groveville, Rhode Island, 4031",
    "registered": "2019-11-23T23:55:57+00:00"
  },
  {
    "_id": "6047cc330817b2057d6f7148",
    "category": "site reliability",
    "name": "Mccall Ruiz",
    "company": "MANGELICA",
    "phone": "+1 (991) 433-2045",
    "address": "183 Maujer Street, Bentonville, Alabama, 4523",
    "registered": "2020-09-22T06:29:54+00:00"
  },
  {
    "_id": "6047cc336fcc7021d21855fa",
    "category": "quality assurance",
    "name": "Bell Austin",
    "company": "SYNTAC",
    "phone": "+1 (919) 444-2976",
    "address": "724 Monaco Place, Macdona, Puerto Rico, 6860",
    "registered": "2020-01-01T01:15:01+00:00"
  },
  {
    "_id": "6047cc3340c738ab8d796220",
    "category": "site reliability",
    "name": "Hooper Sexton",
    "company": "MOTOVATE",
    "phone": "+1 (966) 402-2274",
    "address": "619 Times Placez, Marysville, South Dakota, 9099",
    "registered": "2020-05-07T21:28:38+00:00"
  },
  {
    "_id": "6047cc3372daec41c832933a",
    "category": "security",
    "name": "Graham Padilla",
    "company": "XTH",
    "phone": "+1 (950) 479-2459",
    "address": "136 Pacific Street, Konterra, New York, 2351",
    "registered": "2020-03-19T01:28:22+00:00"
  },
  {
    "_id": "6047cc33d0a9284fab002cbe",
    "category": "quality assurance",
    "name": "Candice Buck",
    "company": "KYAGORO",
    "phone": "+1 (898) 434-3732",
    "address": "369 Sackman Street, Frystown, California, 9577",
    "registered": "2020-05-25T08:40:57+00:00"
  },
  {
    "_id": "6047cc3381320fa88f3bfe52",
    "category": "quality assurance",
    "name": "Warner Hickman",
    "company": "ELENTRIX",
    "phone": "+1 (848) 459-3628",
    "address": "709 Kiely Place, Hampstead, Indiana, 3646",
    "registered": "2019-12-23T19:46:21+00:00"
  },
  {
    "_id": "6047cc33c74d5d9e47496119",
    "category": "site reliability",
    "name": "Janette Elliott",
    "company": "KEENGEN",
    "phone": "+1 (872) 533-3263",
    "address": "519 Landis Court, Silkworth, Wyoming, 6640",
    "registered": "2020-02-16T18:50:36+00:00"
  },
  {
    "_id": "6047cc33e15ecff1674be4b2",
    "category": "quality assurance",
    "name": "Denise Holder",
    "company": "GRUPOLI",
    "phone": "+1 (866) 457-2733",
    "address": "540 Ocean Court, Marienthal, Maryland, 7805",
    "registered": "2019-05-25T03:06:19+00:00"
  },
  {
    "_id": "6047cc335ec6c07885498329",
    "category": "security",
    "name": "Colette Burris",
    "company": "SURETECH",
    "phone": "+1 (825) 598-2128",
    "address": "747 Bergen Court, Rivereno, Missouri, 8864",
    "registered": "2020-10-17T04:54:26+00:00"
  },
  {
    "_id": "6047cc3300f7d7da2c154443",
    "category": "manager",
    "name": "Ryan Morrison",
    "company": "GEEKY",
    "phone": "+1 (849) 582-3038",
    "address": "227 Lorraine Street, Matheny, New Mexico, 6797",
    "registered": "2019-01-31T11:43:55+00:00"
  },
  {
    "_id": "6047cc33955bae86817bcfd6",
    "category": "quality assurance",
    "name": "Reilly Klein",
    "company": "STROZEN",
    "phone": "+1 (835) 512-3588",
    "address": "846 Veterans Avenue, Jackpot, Maine, 6576",
    "registered": "2019-01-10T14:39:30+00:00"
  },
  {
    "_id": "6047cc337a114dcbf788e4ee",
    "category": "developer",
    "name": "Judith Roach",
    "company": "ENDIPIN",
    "phone": "+1 (852) 567-3844",
    "address": "555 Vermont Court, Glidden, District Of Columbia, 8038",
    "registered": "2019-07-18T06:51:14+00:00"
  },
  {
    "_id": "6047cc330cfd152807d23b5a",
    "category": "site reliability",
    "name": "Georgette Mcleod",
    "company": "ANACHO",
    "phone": "+1 (892) 423-2444",
    "address": "823 Bills Place, Norvelt, Florida, 8441",
    "registered": "2020-12-16T16:45:16+00:00"
  },
  {
    "_id": "6047cc33b02e83adbc691dc2",
    "category": "quality assurance",
    "name": "Eaton Cunningham",
    "company": "QNEKT",
    "phone": "+1 (800) 554-3741",
    "address": "677 Belvidere Street, Elliott, North Dakota, 349",
    "registered": "2019-11-05T22:03:44+00:00"
  },
  {
    "_id": "6047cc33949b26c44f8c0a09",
    "category": "manager",
    "name": "Henry Odonnell",
    "company": "ZYTREX",
    "phone": "+1 (886) 543-3918",
    "address": "892 Ridge Court, Bonanza, Michigan, 1776",
    "registered": "2020-08-14T19:17:11+00:00"
  },
  {
    "_id": "6047cc33fc5c07245a533e72",
    "category": "developer",
    "name": "Hood Robles",
    "company": "QUONK",
    "phone": "+1 (896) 478-3705",
    "address": "733 Denton Place, Crenshaw, Northern Mariana Islands, 4279",
    "registered": "2019-07-06T08:42:51+00:00"
  },
  {
    "_id": "6047cc330e387b9d3a8d3b4c",
    "category": "developer",
    "name": "Alma Hess",
    "company": "QIMONK",
    "phone": "+1 (821) 474-2940",
    "address": "828 Eagle Street, Norris, Minnesota, 5259",
    "registered": "2019-09-30T19:08:26+00:00"
  },
  {
    "_id": "6047cc33cabb00605468d48b",
    "category": "developer",
    "name": "Mandy King",
    "company": "DECRATEX",
    "phone": "+1 (818) 538-2769",
    "address": "831 Prospect Street, Veguita, Ohio, 9462",
    "registered": "2020-11-21T06:53:19+00:00"
  },
  {
    "_id": "6047cc335a386f3c29280859",
    "category": "security",
    "name": "Kitty Soto",
    "company": "TECHMANIA",
    "phone": "+1 (900) 413-2951",
    "address": "759 Arkansas Drive, Camino, Utah, 8726",
    "registered": "2019-02-03T09:20:27+00:00"
  },
  {
    "_id": "6047cc33ff4f88f905f93f45",
    "category": "quality assurance",
    "name": "Veronica Thornton",
    "company": "COMSTRUCT",
    "phone": "+1 (926) 591-3485",
    "address": "473 Lawrence Street, Tibbie, Vermont, 856",
    "registered": "2020-05-07T11:40:40+00:00"
  },
  {
    "_id": "6047cc33e38aa2e618465285",
    "category": "developer",
    "name": "Sexton Grant",
    "company": "PERMADYNE",
    "phone": "+1 (868) 408-3582",
    "address": "267 Albemarle Road, Chapin, American Samoa, 1121",
    "registered": "2019-02-26T01:39:21+00:00"
  },
  {
    "_id": "6047cc336085973ae6969e38",
    "category": "quality assurance",
    "name": "Misty Mcintosh",
    "company": "SINGAVERA",
    "phone": "+1 (934) 525-2038",
    "address": "446 Powell Street, Welch, Nebraska, 614",
    "registered": "2019-04-07T05:13:20+00:00"
  },
  {
    "_id": "6047cc3368e84b5a3b085a94",
    "category": "site reliability",
    "name": "Mcfadden Rosa",
    "company": "ZYTRAC",
    "phone": "+1 (890) 406-2238",
    "address": "705 Montague Street, Cochranville, Oklahoma, 6868",
    "registered": "2019-04-10T04:05:40+00:00"
  },
  {
    "_id": "6047cc33d9ab202c99a3f052",
    "category": "quality assurance",
    "name": "Marylou Maddox",
    "company": "GEEKOSIS",
    "phone": "+1 (807) 582-2095",
    "address": "206 Herkimer Court, Bangor, Arizona, 2107",
    "registered": "2019-01-24T00:39:08+00:00"
  },
  {
    "_id": "6047cc3373be40f4e74d9e83",
    "category": "site reliability",
    "name": "Randall Curtis",
    "company": "TEMORAK",
    "phone": "+1 (830) 488-2320",
    "address": "331 Lois Avenue, Cornucopia, South Carolina, 5896",
    "registered": "2020-05-27T13:54:41+00:00"
  },
  {
    "_id": "6047cc3320161d6662bf667e",
    "category": "quality assurance",
    "name": "Manning Nicholson",
    "company": "GLUID",
    "phone": "+1 (897) 526-3354",
    "address": "438 Rock Street, Crumpler, North Carolina, 4531",
    "registered": "2019-09-11T02:49:34+00:00"
  },
  {
    "_id": "6047cc33beb2bb3bf99dbc47",
    "category": "developer",
    "name": "Vilma Bernard",
    "company": "DYNO",
    "phone": "+1 (990) 536-2259",
    "address": "466 Autumn Avenue, Bordelonville, Oregon, 2220",
    "registered": "2021-03-09T14:17:30+00:00"
  },
  {
    "_id": "6047cc335e4c3275ee866826",
    "category": "security",
    "name": "Aida Bishop",
    "company": "EMPIRICA",
    "phone": "+1 (996) 488-2393",
    "address": "716 Louis Place, Tioga, Guam, 979",
    "registered": "2019-06-30T09:34:06+00:00"
  },
  {
    "_id": "6047cc338a956f5d325fb224",
    "category": "quality assurance",
    "name": "Eve Knight",
    "company": "BEDDER",
    "phone": "+1 (852) 565-2575",
    "address": "594 King Street, Mapletown, Washington, 8968",
    "registered": "2020-02-15T15:10:20+00:00"
  },
  {
    "_id": "6047cc33d427077094dde745",
    "category": "manager",
    "name": "Holder Richards",
    "company": "COMDOM",
    "phone": "+1 (904) 519-3133",
    "address": "556 Linden Street, Epworth, Tennessee, 5931",
    "registered": "2019-01-11T15:44:34+00:00"
  },
  {
    "_id": "6047cc33e5c1a898220b7a7d",
    "category": "security",
    "name": "Charity Joseph",
    "company": "FARMAGE",
    "phone": "+1 (957) 432-3253",
    "address": "897 Battery Avenue, Shawmut, Hawaii, 9024",
    "registered": "2019-10-02T00:41:14+00:00"
  },
  {
    "_id": "6047cc33db496ab6986539f8",
    "category": "developer",
    "name": "Celeste Ellis",
    "company": "ZILLAR",
    "phone": "+1 (980) 454-3067",
    "address": "685 Woodrow Court, Bethpage, Texas, 3240",
    "registered": "2020-02-22T08:02:00+00:00"
  },
  {
    "_id": "6047cc33354f1d154d0efeeb",
    "category": "quality assurance",
    "name": "Harrell Tanner",
    "company": "PYRAMIS",
    "phone": "+1 (820) 500-3415",
    "address": "926 Schenck Avenue, Topanga, Federated States Of Micronesia, 1970",
    "registered": "2021-01-13T13:30:17+00:00"
  },
  {
    "_id": "6047cc337c0f445ab1d94983",
    "category": "security",
    "name": "Boyd Stokes",
    "company": "FROSNEX",
    "phone": "+1 (890) 486-2626",
    "address": "952 Moore Place, Corinne, Marshall Islands, 4295",
    "registered": "2019-10-20T09:04:03+00:00"
  },
  {
    "_id": "6047cc33b01cc0aaa2ca0660",
    "category": "developer",
    "name": "Cortez Schwartz",
    "company": "ZAPHIRE",
    "phone": "+1 (902) 574-3476",
    "address": "900 National Drive, Dalton, Louisiana, 8329",
    "registered": "2020-05-31T05:40:39+00:00"
  },
  {
    "_id": "6047cc33fc574a2719475327",
    "category": "quality assurance",
    "name": "Byers Randolph",
    "company": "ANDRYX",
    "phone": "+1 (864) 402-3588",
    "address": "770 Branton Street, Orovada, Wisconsin, 9734",
    "registered": "2019-01-02T21:07:25+00:00"
  },
  {
    "_id": "6047cc33f68593b049f6bf14",
    "category": "security",
    "name": "Good Ayers",
    "company": "ISOSPHERE",
    "phone": "+1 (847) 475-3639",
    "address": "963 Nassau Street, Summertown, Alaska, 863",
    "registered": "2020-07-10T01:22:23+00:00"
  },
  {
    "_id": "6047cc33c1a917e72ba46224",
    "category": "manager",
    "name": "Melva French",
    "company": "INCUBUS",
    "phone": "+1 (909) 477-3807",
    "address": "394 Noble Street, Wadsworth, Colorado, 6350",
    "registered": "2020-10-24T03:05:37+00:00"
  },
  {
    "_id": "6047cc33f6626afd3c580d7c",
    "category": "developer",
    "name": "Nanette Villarreal",
    "company": "VENOFLEX",
    "phone": "+1 (854) 494-2739",
    "address": "552 Knight Court, Homeworth, Mississippi, 7376",
    "registered": "2020-12-19T20:44:57+00:00"
  },
  {
    "_id": "6047cc33e096a41f3aae319b",
    "category": "quality assurance",
    "name": "Marks Ayala",
    "company": "YOGASM",
    "phone": "+1 (812) 508-3919",
    "address": "573 Kossuth Place, Woodruff, Virgin Islands, 1712",
    "registered": "2020-07-02T11:49:38+00:00"
  },
  {
    "_id": "6047cc33e54725811747319f",
    "category": "security",
    "name": "Riddle Morse",
    "company": "VANTAGE",
    "phone": "+1 (881) 578-3069",
    "address": "363 Hinckley Place, Catharine, New Jersey, 2292",
    "registered": "2020-11-07T14:36:14+00:00"
  },
  {
    "_id": "6047cc33d2942f850a624e3f",
    "category": "quality assurance",
    "name": "Cecelia Lancaster",
    "company": "TECHADE",
    "phone": "+1 (936) 543-2999",
    "address": "851 Cameron Court, Caberfae, Connecticut, 4453",
    "registered": "2019-05-07T19:02:41+00:00"
  },
  {
    "_id": "6047cc33bbc3414a10a9b819",
    "category": "security",
    "name": "Jenna Sharpe",
    "company": "WARETEL",
    "phone": "+1 (810) 588-2246",
    "address": "854 Krier Place, Herlong, Montana, 7052",
    "registered": "2020-05-17T07:03:01+00:00"
  },
  {
    "_id": "6047cc33c69446f8c18174b0",
    "category": "quality assurance",
    "name": "Monroe Henry",
    "company": "TALENDULA",
    "phone": "+1 (990) 541-3199",
    "address": "911 Garland Court, Bannock, Delaware, 7963",
    "registered": "2020-10-11T17:29:05+00:00"
  },
  {
    "_id": "6047cc335023deef23197b6f",
    "category": "site reliability",
    "name": "Guthrie Livingston",
    "company": "INEAR",
    "phone": "+1 (880) 518-3497",
    "address": "465 Metrotech Courtr, Munjor, Palau, 982",
    "registered": "2020-03-09T06:09:45+00:00"
  },
  {
    "_id": "6047cc333dba2c4a898e6eca",
    "category": "quality assurance",
    "name": "Justice Mathews",
    "company": "ATGEN",
    "phone": "+1 (934) 475-2791",
    "address": "201 High Street, Nipinnawasee, Massachusetts, 6547",
    "registered": "2020-08-10T15:26:34+00:00"
  },
  {
    "_id": "6047cc33e15679fa1ce98b9d",
    "category": "site reliability",
    "name": "Alison Watson",
    "company": "ZAGGLES",
    "phone": "+1 (970) 506-3107",
    "address": "702 Schenck Place, Rockingham, Virginia, 2338",
    "registered": "2021-01-12T01:43:51+00:00"
  },
  {
    "_id": "6047cc33e9cee64860c64840",
    "category": "security",
    "name": "Fitzpatrick Rhodes",
    "company": "SULTRAX",
    "phone": "+1 (838) 528-3594",
    "address": "871 Olive Street, Cascades, Kansas, 393",
    "registered": "2019-01-05T22:33:55+00:00"
  },
  {
    "_id": "6047cc334a0b16ec497f0b32",
    "category": "security",
    "name": "Lora Stevens",
    "company": "UNIA",
    "phone": "+1 (935) 522-3177",
    "address": "169 Oxford Walk, Allentown, Georgia, 7835",
    "registered": "2019-09-04T22:47:55+00:00"
  },
  {
    "_id": "6047cc3377a8a349248dc965",
    "category": "security",
    "name": "Barbara Fletcher",
    "company": "INQUALA",
    "phone": "+1 (861) 478-2973",
    "address": "493 Dwight Street, Veyo, New Hampshire, 6280",
    "registered": "2020-12-03T21:25:23+00:00"
  },
  {
    "_id": "6047cc336d0fdd5e33b94a51",
    "category": "security",
    "name": "Maryanne Moses",
    "company": "VORTEXACO",
    "phone": "+1 (923) 528-3938",
    "address": "998 Jefferson Street, Cuylerville, Kentucky, 6086",
    "registered": "2019-03-08T17:04:12+00:00"
  },
  {
    "_id": "6047cc33e95e8874d40f27c6",
    "category": "security",
    "name": "Caldwell Farmer",
    "company": "UNCORP",
    "phone": "+1 (868) 507-3882",
    "address": "634 Vermont Street, Durham, Illinois, 4028",
    "registered": "2020-12-18T11:20:55+00:00"
  },
  {
    "_id": "6047cc33f7b58f8e28b14fb2",
    "category": "security",
    "name": "Claire Stephenson",
    "company": "ZERBINA",
    "phone": "+1 (848) 537-2181",
    "address": "355 Lawn Court, Galesville, Pennsylvania, 1959",
    "registered": "2019-05-20T07:10:59+00:00"
  },
  {
    "_id": "6047cc33c5da612e10ce30c7",
    "category": "manager",
    "name": "Elisa Potts",
    "company": "COMBOGENE",
    "phone": "+1 (948) 561-2815",
    "address": "392 Lincoln Road, Ironton, Iowa, 196",
    "registered": "2020-12-23T20:05:12+00:00"
  },
  {
    "_id": "6047cc33d9594029e32794d1",
    "category": "developer",
    "name": "Mosley Chang",
    "company": "FRANSCENE",
    "phone": "+1 (831) 585-3047",
    "address": "551 Aberdeen Street, Joppa, Nevada, 2082",
    "registered": "2020-04-03T21:12:31+00:00"
  },
  {
    "_id": "6047cc330c7756bc38857060",
    "category": "quality assurance",
    "name": "Macdonald Casey",
    "company": "DEMINIMUM",
    "phone": "+1 (927) 489-3209",
    "address": "232 Utica Avenue, Lindisfarne, Arkansas, 5001",
    "registered": "2019-09-09T13:02:14+00:00"
  },
  {
    "_id": "6047cc33f437b3f0520d3340",
    "category": "developer",
    "name": "Maggie Perry",
    "company": "SILODYNE",
    "phone": "+1 (862) 438-2514",
    "address": "443 Ryder Street, Sylvanite, Idaho, 4437",
    "registered": "2020-04-26T15:16:11+00:00"
  },
  {
    "_id": "6047cc33adb1293e2b124633",
    "category": "manager",
    "name": "Dillon George",
    "company": "MAXIMIND",
    "phone": "+1 (855) 483-3737",
    "address": "376 Neptune Court, Tecolotito, Rhode Island, 7448",
    "registered": "2020-03-18T15:30:28+00:00"
  },
  {
    "_id": "6047cc335e1551ccf09a5d21",
    "category": "site reliability",
    "name": "Daniel Jordan",
    "company": "AFFLUEX",
    "phone": "+1 (889) 548-3412",
    "address": "821 Box Street, Nescatunga, Alabama, 3885",
    "registered": "2019-02-04T13:41:55+00:00"
  },
  {
    "_id": "6047cc3394f726bb2d13963e",
    "category": "quality assurance",
    "name": "Goodwin Washington",
    "company": "NIQUENT",
    "phone": "+1 (964) 564-2369",
    "address": "285 Canton Court, Beason, Puerto Rico, 6124",
    "registered": "2019-07-16T22:04:03+00:00"
  },
  {
    "_id": "6047cc3311047e0b28472817",
    "category": "developer",
    "name": "Carter Mckee",
    "company": "SONGLINES",
    "phone": "+1 (906) 561-2534",
    "address": "258 Porter Avenue, Abiquiu, South Dakota, 3455",
    "registered": "2020-12-03T00:30:04+00:00"
  },
  {
    "_id": "6047cc336616aed80a2de9e5",
    "category": "developer",
    "name": "Brooks Blake",
    "company": "KENEGY",
    "phone": "+1 (891) 502-2532",
    "address": "387 Atlantic Avenue, Waterford, New York, 1994",
    "registered": "2019-02-12T19:26:04+00:00"
  },
  {
    "_id": "6047cc338827a2df0569135e",
    "category": "quality assurance",
    "name": "Yesenia Harding",
    "company": "TERSANKI",
    "phone": "+1 (898) 545-3066",
    "address": "609 Coventry Road, Farmers, California, 3344",
    "registered": "2020-02-10T17:39:14+00:00"
  },
  {
    "_id": "6047cc339fb2ccd215cca551",
    "category": "quality assurance",
    "name": "Durham Cortez",
    "company": "MENBRAIN",
    "phone": "+1 (848) 505-2864",
    "address": "374 Keen Court, Bladensburg, Indiana, 9610",
    "registered": "2019-02-17T00:29:01+00:00"
  },
  {
    "_id": "6047cc33e7920ba4cbb80940",
    "category": "site reliability",
    "name": "Tia Reynolds",
    "company": "ZOLAVO",
    "phone": "+1 (848) 400-2612",
    "address": "819 Kosciusko Street, Williamson, Wyoming, 8516",
    "registered": "2019-09-14T18:37:25+00:00"
  },
  {
    "_id": "6047cc331f8a53e0e33dddd2",
    "category": "manager",
    "name": "Leigh Kerr",
    "company": "COMVERGES",
    "phone": "+1 (852) 407-2121",
    "address": "193 Jaffray Street, Starks, Maryland, 8784",
    "registered": "2019-12-09T20:41:53+00:00"
  },
  {
    "_id": "6047cc3334506deb3bfd7732",
    "category": "site reliability",
    "name": "Roman Nunez",
    "company": "FUELTON",
    "phone": "+1 (869) 439-2289",
    "address": "561 Hall Street, Gorham, Missouri, 6128",
    "registered": "2020-09-26T09:21:36+00:00"
  },
  {
    "_id": "6047cc33f59847ed144254c5",
    "category": "security",
    "name": "Mayra Delaney",
    "company": "PLAYCE",
    "phone": "+1 (944) 517-3021",
    "address": "779 Bedell Lane, Bison, New Mexico, 6041",
    "registered": "2019-03-05T05:20:56+00:00"
  },
  {
    "_id": "6047cc3362a63b457d20ccd7",
    "category": "quality assurance",
    "name": "Lottie Clay",
    "company": "HOUSEDOWN",
    "phone": "+1 (900) 547-2689",
    "address": "861 Hillel Place, Osage, Maine, 9696",
    "registered": "2020-07-01T08:51:55+00:00"
  },
  {
    "_id": "6047cc33688cf05f7937754f",
    "category": "quality assurance",
    "name": "June Pittman",
    "company": "GEEKMOSIS",
    "phone": "+1 (919) 446-3617",
    "address": "559 Lott Avenue, Greensburg, District Of Columbia, 5895",
    "registered": "2019-12-04T04:12:21+00:00"
  },
  {
    "_id": "6047cc332bbf267ec8627839",
    "category": "security",
    "name": "Raquel Petersen",
    "company": "SONGBIRD",
    "phone": "+1 (951) 430-2797",
    "address": "642 Jerome Avenue, Omar, Florida, 7247",
    "registered": "2019-03-20T11:38:49+00:00"
  },
  {
    "_id": "6047cc33163bfb30dc3285ba",
    "category": "quality assurance",
    "name": "Letitia Peters",
    "company": "KAGE",
    "phone": "+1 (982) 406-2787",
    "address": "280 Jackson Court, Reno, North Dakota, 3457",
    "registered": "2020-08-06T23:45:09+00:00"
  },
  {
    "_id": "6047cc33408a5220e3f9dfdd",
    "category": "quality assurance",
    "name": "Vaughn Farrell",
    "company": "BUGSALL",
    "phone": "+1 (941) 466-2519",
    "address": "886 Montauk Court, Dargan, Michigan, 3324",
    "registered": "2020-04-21T17:33:12+00:00"
  },
  {
    "_id": "6047cc33f0ed717791fa5f2e",
    "category": "site reliability",
    "name": "Helene Sloan",
    "company": "INSOURCE",
    "phone": "+1 (890) 505-2589",
    "address": "819 Merit Court, Grimsley, Northern Mariana Islands, 6977",
    "registered": "2020-10-04T14:28:02+00:00"
  },
  {
    "_id": "6047cc336e608e2d88ddbd3c",
    "category": "site reliability",
    "name": "Craft Leach",
    "company": "ZENSUS",
    "phone": "+1 (976) 451-3700",
    "address": "850 Miller Place, Welda, Minnesota, 9568",
    "registered": "2019-06-22T00:11:02+00:00"
  },
  {
    "_id": "6047cc3399d2f9c78a78e78f",
    "category": "site reliability",
    "name": "Hester Garrett",
    "company": "MUSIX",
    "phone": "+1 (967) 409-3097",
    "address": "688 Norman Avenue, Falconaire, Ohio, 6035",
    "registered": "2020-12-08T16:31:30+00:00"
  },
  {
    "_id": "6047cc33bdcdacbc15d9bc3d",
    "category": "site reliability",
    "name": "Carmella Santiago",
    "company": "ASSURITY",
    "phone": "+1 (802) 537-2094",
    "address": "591 Crooke Avenue, Genoa, Utah, 2089",
    "registered": "2020-05-12T22:24:52+00:00"
  },
  {
    "_id": "6047cc33345d02f23eea02af",
    "category": "manager",
    "name": "Sarah Sharp",
    "company": "ZOUNDS",
    "phone": "+1 (816) 428-3857",
    "address": "992 Meserole Avenue, Emerald, Vermont, 7523",
    "registered": "2019-05-19T20:36:17+00:00"
  }
]
